The Guardian UK Politics,2015-05-28 17:11:58,powers,0.984
The Guardian UK Politics,2015-05-28 17:11:58,Rights Act repeal,0.820
The Guardian UK Politics,2015-05-28 17:11:58,Poor David Cameron,0.820
The Guardian UK Politics,2015-05-28 17:11:58,human rights convention,0.820
The Guardian UK Politics,2015-05-28 17:11:58,early next year,0.820
The Guardian UK Politics,2015-05-28 17:11:58,East peace envoy,0.820
The Guardian UK Politics,2015-05-28 17:11:58,Live Foreign secretary,0.820
The Guardian UK Politics,2015-05-28 17:11:58,Queen,0.656
The Guardian UK Politics,2015-05-28 17:11:58,anti-austerity protesters,0.492
The Guardian UK Politics,2015-05-28 17:11:58,Human Rights,0.492
The Telegraph UK Politics,2015-05-28 17:12:00,Human Rights Act,0.980
The Telegraph UK Politics,2015-05-28 17:12:00,East peace envoy,0.980
The Telegraph UK Politics,2015-05-28 17:12:00,Diamond Jubilee State,0.980
The Telegraph UK Politics,2015-05-28 17:12:00,veteran Labour,0.588
The Telegraph UK Politics,2015-05-28 17:12:00,David Cameron,0.588
The Telegraph UK Politics,2015-05-28 17:12:00,Prime Minister,0.588
The Telegraph UK Politics,2015-05-28 17:12:00,Tony Blair,0.588
The Telegraph UK Politics,2015-05-28 17:12:00,Allison Pearson,0.588
The Telegraph UK Politics,2015-05-28 17:12:00,European Union,0.588
The Telegraph UK Politics,2015-05-28 17:12:00,Comments Dennis Skinner,0.490
The Guardian UK Politics,2015-05-28 16:38:50,powers,0.984
The Guardian UK Politics,2015-05-28 16:38:50,Rights Act repeal,0.820
The Guardian UK Politics,2015-05-28 16:38:50,Poor David Cameron,0.820
The Guardian UK Politics,2015-05-28 16:38:50,human rights convention,0.820
The Guardian UK Politics,2015-05-28 16:38:50,early next year,0.820
The Guardian UK Politics,2015-05-28 16:38:50,Live Foreign secretary,0.820
The Guardian UK Politics,2015-05-28 16:38:50,Queen,0.656
The Guardian UK Politics,2015-05-28 16:38:50,anti-austerity protesters,0.492
The Guardian UK Politics,2015-05-28 16:38:50,Human Rights,0.492
The Guardian UK Politics,2015-05-28 16:38:50,Douglas Carswell,0.492
The Telegraph UK Politics,2015-05-28 16:38:50,Human Rights Act,0.980
The Telegraph UK Politics,2015-05-28 16:38:50,East peace envoy,0.980
The Telegraph UK Politics,2015-05-28 16:38:50,Diamond Jubilee State,0.980
The Telegraph UK Politics,2015-05-28 16:38:50,veteran Labour,0.588
The Telegraph UK Politics,2015-05-28 16:38:50,David Cameron,0.588
The Telegraph UK Politics,2015-05-28 16:38:50,Prime Minister,0.588
The Telegraph UK Politics,2015-05-28 16:38:50,Tony Blair,0.588
The Telegraph UK Politics,2015-05-28 16:38:50,Allison Pearson,0.588
The Telegraph UK Politics,2015-05-28 16:38:50,European Union,0.588
The Telegraph UK Politics,2015-05-28 16:38:50,Comments Dennis Skinner,0.490
The Guardian UK Politics,2015-05-28 16:45:02,powers,0.984
The Guardian UK Politics,2015-05-28 16:45:02,Rights Act repeal,0.820
The Guardian UK Politics,2015-05-28 16:45:02,Poor David Cameron,0.820
The Guardian UK Politics,2015-05-28 16:45:02,human rights convention,0.820
The Guardian UK Politics,2015-05-28 16:45:02,early next year,0.820
The Guardian UK Politics,2015-05-28 16:45:02,Live Foreign secretary,0.820
The Guardian UK Politics,2015-05-28 16:45:02,Queen,0.656
The Guardian UK Politics,2015-05-28 16:45:02,anti-austerity protesters,0.492
The Guardian UK Politics,2015-05-28 16:45:02,Human Rights,0.492
The Guardian UK Politics,2015-05-28 16:45:02,Douglas Carswell,0.492
The Telegraph UK Politics,2015-05-28 16:45:03,Human Rights Act,0.980
The Telegraph UK Politics,2015-05-28 16:45:03,East peace envoy,0.980
The Telegraph UK Politics,2015-05-28 16:45:03,Diamond Jubilee State,0.980
The Telegraph UK Politics,2015-05-28 16:45:03,veteran Labour,0.588
The Telegraph UK Politics,2015-05-28 16:45:03,David Cameron,0.588
The Telegraph UK Politics,2015-05-28 16:45:03,Prime Minister,0.588
The Telegraph UK Politics,2015-05-28 16:45:03,Tony Blair,0.588
The Telegraph UK Politics,2015-05-28 16:45:03,Allison Pearson,0.588
The Telegraph UK Politics,2015-05-28 16:45:03,European Union,0.588
The Telegraph UK Politics,2015-05-28 16:45:03,Comments Dennis Skinner,0.490
The Guardian UK Politics,2015-05-28 17:00:02,powers,0.984
The Guardian UK Politics,2015-05-28 17:00:02,Rights Act repeal,0.820
The Guardian UK Politics,2015-05-28 17:00:02,Poor David Cameron,0.820
The Guardian UK Politics,2015-05-28 17:00:02,human rights convention,0.820
The Guardian UK Politics,2015-05-28 17:00:02,early next year,0.820
The Guardian UK Politics,2015-05-28 17:00:02,Live Foreign secretary,0.820
The Guardian UK Politics,2015-05-28 17:00:02,Queen,0.656
The Guardian UK Politics,2015-05-28 17:00:02,anti-austerity protesters,0.492
The Guardian UK Politics,2015-05-28 17:00:02,Human Rights,0.492
The Guardian UK Politics,2015-05-28 17:00:02,Douglas Carswell,0.492
The Telegraph UK Politics,2015-05-28 17:00:03,Human Rights Act,0.980
The Telegraph UK Politics,2015-05-28 17:00:03,East peace envoy,0.980
The Telegraph UK Politics,2015-05-28 17:00:03,Diamond Jubilee State,0.980
The Telegraph UK Politics,2015-05-28 17:00:03,veteran Labour,0.588
The Telegraph UK Politics,2015-05-28 17:00:03,David Cameron,0.588
The Telegraph UK Politics,2015-05-28 17:00:03,Prime Minister,0.588
The Telegraph UK Politics,2015-05-28 17:00:03,Tony Blair,0.588
The Telegraph UK Politics,2015-05-28 17:00:03,Allison Pearson,0.588
The Telegraph UK Politics,2015-05-28 17:00:03,European Union,0.588
The Telegraph UK Politics,2015-05-28 17:00:03,Comments Dennis Skinner,0.490
The Guardian UK Politics,2015-05-28 17:15:03,powers,0.984
The Guardian UK Politics,2015-05-28 17:15:03,Rights Act repeal,0.820
The Guardian UK Politics,2015-05-28 17:15:03,Poor David Cameron,0.820
The Guardian UK Politics,2015-05-28 17:15:03,human rights convention,0.820
The Guardian UK Politics,2015-05-28 17:15:03,early next year,0.820
The Guardian UK Politics,2015-05-28 17:15:03,Live Foreign secretary,0.820
The Guardian UK Politics,2015-05-28 17:15:03,Queen,0.656
The Guardian UK Politics,2015-05-28 17:15:03,anti-austerity protesters,0.492
The Guardian UK Politics,2015-05-28 17:15:03,Human Rights,0.492
The Guardian UK Politics,2015-05-28 17:15:03,Douglas Carswell,0.492
The Telegraph UK Politics,2015-05-28 17:15:04,Human Rights Act,0.980
The Telegraph UK Politics,2015-05-28 17:15:04,East peace envoy,0.980
The Telegraph UK Politics,2015-05-28 17:15:04,Diamond Jubilee State,0.980
The Telegraph UK Politics,2015-05-28 17:15:04,veteran Labour,0.588
The Telegraph UK Politics,2015-05-28 17:15:04,David Cameron,0.588
The Telegraph UK Politics,2015-05-28 17:15:04,Prime Minister,0.588
The Telegraph UK Politics,2015-05-28 17:15:04,Tony Blair,0.588
The Telegraph UK Politics,2015-05-28 17:15:04,Allison Pearson,0.588
The Telegraph UK Politics,2015-05-28 17:15:04,European Union,0.588
The Telegraph UK Politics,2015-05-28 17:15:04,Comments Dennis Skinner,0.490
The Guardian UK Politics,2015-05-28 17:30:02,powers,0.984
The Guardian UK Politics,2015-05-28 17:30:02,Rights Act repeal,0.820
The Guardian UK Politics,2015-05-28 17:30:02,Poor David Cameron,0.820
The Guardian UK Politics,2015-05-28 17:30:02,human rights convention,0.820
The Guardian UK Politics,2015-05-28 17:30:02,early next year,0.820
The Guardian UK Politics,2015-05-28 17:30:02,Live Foreign secretary,0.820
The Guardian UK Politics,2015-05-28 17:30:02,Queen,0.656
The Guardian UK Politics,2015-05-28 17:30:02,anti-austerity protesters,0.492
The Guardian UK Politics,2015-05-28 17:30:02,Human Rights,0.492
The Guardian UK Politics,2015-05-28 17:30:02,Douglas Carswell,0.492
The Telegraph UK Politics,2015-05-28 17:30:03,Human Rights Act,0.980
The Telegraph UK Politics,2015-05-28 17:30:03,East peace envoy,0.980
The Telegraph UK Politics,2015-05-28 17:30:03,Diamond Jubilee State,0.980
The Telegraph UK Politics,2015-05-28 17:30:03,veteran Labour,0.588
The Telegraph UK Politics,2015-05-28 17:30:03,David Cameron,0.588
The Telegraph UK Politics,2015-05-28 17:30:03,Prime Minister,0.588
The Telegraph UK Politics,2015-05-28 17:30:03,Tony Blair,0.588
The Telegraph UK Politics,2015-05-28 17:30:03,Allison Pearson,0.588
The Telegraph UK Politics,2015-05-28 17:30:03,European Union,0.588
The Telegraph UK Politics,2015-05-28 17:30:03,Comments Dennis Skinner,0.490
The Guardian UK Politics,2015-05-28 17:45:03,powers,0.984
The Guardian UK Politics,2015-05-28 17:45:03,Rights Act repeal,0.820
The Guardian UK Politics,2015-05-28 17:45:03,Poor David Cameron,0.820
The Guardian UK Politics,2015-05-28 17:45:03,human rights convention,0.820
The Guardian UK Politics,2015-05-28 17:45:03,early next year,0.820
The Guardian UK Politics,2015-05-28 17:45:03,Live Foreign secretary,0.820
The Guardian UK Politics,2015-05-28 17:45:03,Queen,0.656
The Guardian UK Politics,2015-05-28 17:45:03,anti-austerity protesters,0.492
The Guardian UK Politics,2015-05-28 17:45:03,Human Rights,0.492
The Guardian UK Politics,2015-05-28 17:45:03,Douglas Carswell,0.492
The Telegraph UK Politics,2015-05-28 17:45:03,David Cameron,0.987
The Telegraph UK Politics,2015-05-28 17:45:03,Human Rights Act,0.658
The Telegraph UK Politics,2015-05-28 17:45:03,East peace envoy,0.658
The Telegraph UK Politics,2015-05-28 17:45:03,Diamond Jubilee State,0.658
The Telegraph UK Politics,2015-05-28 17:45:03,European Union,0.592
The Telegraph UK Politics,2015-05-28 17:45:03,Prime Minister,0.395
The Telegraph UK Politics,2015-05-28 17:45:03,Tony Blair,0.395
The Telegraph UK Politics,2015-05-28 17:45:03,Allison Pearson,0.395
The Telegraph UK Politics,2015-05-28 17:45:03,Nicola Sturgeon,0.395
The Telegraph UK Politics,2015-05-28 17:45:03,Comments Tony Blair,0.329
The Guardian UK Politics,2015-05-28 18:00:03,powers,0.984
The Guardian UK Politics,2015-05-28 18:00:03,Rights Act repeal,0.820
The Guardian UK Politics,2015-05-28 18:00:03,Poor David Cameron,0.820
The Guardian UK Politics,2015-05-28 18:00:03,human rights convention,0.820
The Guardian UK Politics,2015-05-28 18:00:03,early next year,0.820
The Guardian UK Politics,2015-05-28 18:00:03,Live Foreign secretary,0.820
The Guardian UK Politics,2015-05-28 18:00:03,Queen,0.656
The Guardian UK Politics,2015-05-28 18:00:03,anti-austerity protesters,0.492
The Guardian UK Politics,2015-05-28 18:00:03,Human Rights,0.492
The Guardian UK Politics,2015-05-28 18:00:03,Douglas Carswell,0.492
The Telegraph UK Politics,2015-05-28 18:00:04,David Cameron,0.987
The Telegraph UK Politics,2015-05-28 18:00:04,East peace envoy,0.658
The Telegraph UK Politics,2015-05-28 18:00:04,Diamond Jubilee State,0.658
The Telegraph UK Politics,2015-05-28 18:00:04,European Union,0.592
The Telegraph UK Politics,2015-05-28 18:00:04,Prime Minister,0.395
The Telegraph UK Politics,2015-05-28 18:00:04,Tony Blair,0.395
The Telegraph UK Politics,2015-05-28 18:00:04,Allison Pearson,0.395
The Telegraph UK Politics,2015-05-28 18:00:04,Nicola Sturgeon,0.395
The Telegraph UK Politics,2015-05-28 18:00:04,Comments Tony Blair,0.329
The Telegraph UK Politics,2015-05-28 18:00:04,French foreign minister,0.329
The Guardian UK Politics,2015-05-28 18:15:02,powers,0.984
The Guardian UK Politics,2015-05-28 18:15:02,Rights Act repeal,0.820
The Guardian UK Politics,2015-05-28 18:15:02,Poor David Cameron,0.820
The Guardian UK Politics,2015-05-28 18:15:02,human rights convention,0.820
The Guardian UK Politics,2015-05-28 18:15:02,early next year,0.820
The Guardian UK Politics,2015-05-28 18:15:02,Galloway tweets intention,0.820
The Guardian UK Politics,2015-05-28 18:15:02,Live Foreign secretary,0.820
The Guardian UK Politics,2015-05-28 18:15:02,anti-austerity protesters,0.492
The Guardian UK Politics,2015-05-28 18:15:02,Human Rights,0.492
The Guardian UK Politics,2015-05-28 18:15:02,election,0.492
The Telegraph UK Politics,2015-05-28 18:15:03,David Cameron,0.987
The Telegraph UK Politics,2015-05-28 18:15:03,East peace envoy,0.658
The Telegraph UK Politics,2015-05-28 18:15:03,Diamond Jubilee State,0.658
The Telegraph UK Politics,2015-05-28 18:15:03,European Union,0.592
The Telegraph UK Politics,2015-05-28 18:15:03,Prime Minister,0.395
The Telegraph UK Politics,2015-05-28 18:15:03,Douglas Carswell,0.395
The Telegraph UK Politics,2015-05-28 18:15:03,Tony Blair,0.395
The Telegraph UK Politics,2015-05-28 18:15:03,Allison Pearson,0.395
The Telegraph UK Politics,2015-05-28 18:15:03,Nicola Sturgeon,0.395
The Telegraph UK Politics,2015-05-28 18:15:03,Comments Tony Blair,0.329
The Guardian UK Politics,2015-05-28 18:30:02,powers,0.984
The Guardian UK Politics,2015-05-28 18:30:02,Rights Act repeal,0.820
The Guardian UK Politics,2015-05-28 18:30:02,Poor David Cameron,0.820
The Guardian UK Politics,2015-05-28 18:30:02,human rights convention,0.820
The Guardian UK Politics,2015-05-28 18:30:02,early next year,0.820
The Guardian UK Politics,2015-05-28 18:30:02,Galloway tweets intention,0.820
The Guardian UK Politics,2015-05-28 18:30:02,Live Foreign secretary,0.820
The Guardian UK Politics,2015-05-28 18:30:02,anti-austerity protesters,0.492
The Guardian UK Politics,2015-05-28 18:30:02,Human Rights,0.492
The Guardian UK Politics,2015-05-28 18:30:02,election,0.492
The Telegraph UK Politics,2015-05-28 18:30:03,David Cameron,0.987
The Telegraph UK Politics,2015-05-28 18:30:03,East peace envoy,0.658
The Telegraph UK Politics,2015-05-28 18:30:03,Diamond Jubilee State,0.658
The Telegraph UK Politics,2015-05-28 18:30:03,European Union,0.592
The Telegraph UK Politics,2015-05-28 18:30:03,Prime Minister,0.395
The Telegraph UK Politics,2015-05-28 18:30:03,Douglas Carswell,0.395
The Telegraph UK Politics,2015-05-28 18:30:03,Tony Blair,0.395
The Telegraph UK Politics,2015-05-28 18:30:03,Allison Pearson,0.395
The Telegraph UK Politics,2015-05-28 18:30:03,Nicola Sturgeon,0.395
The Telegraph UK Politics,2015-05-28 18:30:03,Comments Tony Blair,0.329
The Guardian UK Politics,2015-05-28 18:45:03,Human Rights Act,0.992
The Guardian UK Politics,2015-05-28 18:45:03,powers,0.476
The Guardian UK Politics,2015-05-28 18:45:03,human rights convention,0.397
The Guardian UK Politics,2015-05-28 18:45:03,Galloway tweets intention,0.397
The Guardian UK Politics,2015-05-28 18:45:03,maiden Commons speech,0.397
The Guardian UK Politics,2015-05-28 18:45:03,Human Rights,0.238
The Guardian UK Politics,2015-05-28 18:45:03,election,0.238
The Guardian UK Politics,2015-05-28 18:45:03,Douglas Carswell,0.238
The Guardian UK Politics,2015-05-28 18:45:03,Holyrood veto,0.238
The Guardian UK Politics,2015-05-28 18:45:03,sent Labour,0.238
The Telegraph UK Politics,2015-05-28 18:45:03,David Cameron,0.987
The Telegraph UK Politics,2015-05-28 18:45:03,East peace envoy,0.658
The Telegraph UK Politics,2015-05-28 18:45:03,Diamond Jubilee State,0.658
The Telegraph UK Politics,2015-05-28 18:45:03,European Union,0.592
The Telegraph UK Politics,2015-05-28 18:45:03,Prime Minister,0.395
The Telegraph UK Politics,2015-05-28 18:45:03,Douglas Carswell,0.395
The Telegraph UK Politics,2015-05-28 18:45:03,Tony Blair,0.395
The Telegraph UK Politics,2015-05-28 18:45:03,Allison Pearson,0.395
The Telegraph UK Politics,2015-05-28 18:45:03,Nicola Sturgeon,0.395
The Telegraph UK Politics,2015-05-28 18:45:03,Comments Tony Blair,0.329
The Guardian UK Politics,2015-05-28 19:00:03,Human Rights Act,0.992
The Guardian UK Politics,2015-05-28 19:00:03,powers,0.476
The Guardian UK Politics,2015-05-28 19:00:03,human rights convention,0.397
The Guardian UK Politics,2015-05-28 19:00:03,Galloway tweets intention,0.397
The Guardian UK Politics,2015-05-28 19:00:03,maiden Commons speech,0.397
The Guardian UK Politics,2015-05-28 19:00:03,Human Rights,0.238
The Guardian UK Politics,2015-05-28 19:00:03,election,0.238
The Guardian UK Politics,2015-05-28 19:00:03,Douglas Carswell,0.238
The Guardian UK Politics,2015-05-28 19:00:03,Holyrood veto,0.238
The Guardian UK Politics,2015-05-28 19:00:03,sent Labour,0.238
The Telegraph UK Politics,2015-05-28 19:00:04,David Cameron,0.987
The Telegraph UK Politics,2015-05-28 19:00:04,East peace envoy,0.658
The Telegraph UK Politics,2015-05-28 19:00:04,Diamond Jubilee State,0.658
The Telegraph UK Politics,2015-05-28 19:00:04,European Union,0.592
The Telegraph UK Politics,2015-05-28 19:00:04,Prime Minister,0.395
The Telegraph UK Politics,2015-05-28 19:00:04,Douglas Carswell,0.395
The Telegraph UK Politics,2015-05-28 19:00:04,Tony Blair,0.395
The Telegraph UK Politics,2015-05-28 19:00:04,Allison Pearson,0.395
The Telegraph UK Politics,2015-05-28 19:00:04,Nicola Sturgeon,0.395
The Telegraph UK Politics,2015-05-28 19:00:04,Comments Tony Blair,0.329
The Guardian UK Politics,2015-05-28 19:15:01,Human Rights Act,0.992
The Guardian UK Politics,2015-05-28 19:15:01,powers,0.476
The Guardian UK Politics,2015-05-28 19:15:01,Poor David Cameron,0.397
The Guardian UK Politics,2015-05-28 19:15:01,human rights convention,0.397
The Guardian UK Politics,2015-05-28 19:15:01,Galloway tweets intention,0.397
The Guardian UK Politics,2015-05-28 19:15:01,maiden Commons speech,0.397
The Guardian UK Politics,2015-05-28 19:15:01,Human Rights,0.238
The Guardian UK Politics,2015-05-28 19:15:01,election,0.238
The Guardian UK Politics,2015-05-28 19:15:01,Douglas Carswell,0.238
The Guardian UK Politics,2015-05-28 19:15:01,Holyrood veto,0.238
The Telegraph UK Politics,2015-05-28 19:15:02,David Cameron,0.987
The Telegraph UK Politics,2015-05-28 19:15:02,East peace envoy,0.658
The Telegraph UK Politics,2015-05-28 19:15:02,Diamond Jubilee State,0.658
The Telegraph UK Politics,2015-05-28 19:15:02,European Union,0.592
The Telegraph UK Politics,2015-05-28 19:15:02,Prime Minister,0.395
The Telegraph UK Politics,2015-05-28 19:15:02,Douglas Carswell,0.395
The Telegraph UK Politics,2015-05-28 19:15:02,Tony Blair,0.395
The Telegraph UK Politics,2015-05-28 19:15:02,Allison Pearson,0.395
The Telegraph UK Politics,2015-05-28 19:15:02,Nicola Sturgeon,0.395
The Telegraph UK Politics,2015-05-28 19:15:02,Comments Tony Blair,0.329
The Guardian UK Politics,2015-05-28 19:30:03,Human Rights Act,0.992
The Guardian UK Politics,2015-05-28 19:30:03,powers,0.476
The Guardian UK Politics,2015-05-28 19:30:03,Poor David Cameron,0.397
The Guardian UK Politics,2015-05-28 19:30:03,human rights convention,0.397
The Guardian UK Politics,2015-05-28 19:30:03,Galloway tweets intention,0.397
The Guardian UK Politics,2015-05-28 19:30:03,maiden Commons speech,0.397
The Guardian UK Politics,2015-05-28 19:30:03,Human Rights,0.238
The Guardian UK Politics,2015-05-28 19:30:03,election,0.238
The Guardian UK Politics,2015-05-28 19:30:03,Douglas Carswell,0.238
The Guardian UK Politics,2015-05-28 19:30:03,Holyrood veto,0.238
The Telegraph UK Politics,2015-05-28 19:30:04,David Cameron,0.987
The Telegraph UK Politics,2015-05-28 19:30:04,East peace envoy,0.658
The Telegraph UK Politics,2015-05-28 19:30:04,Diamond Jubilee State,0.658
The Telegraph UK Politics,2015-05-28 19:30:04,European Union,0.592
The Telegraph UK Politics,2015-05-28 19:30:04,Prime Minister,0.395
The Telegraph UK Politics,2015-05-28 19:30:04,Douglas Carswell,0.395
The Telegraph UK Politics,2015-05-28 19:30:04,Tony Blair,0.395
The Telegraph UK Politics,2015-05-28 19:30:04,Allison Pearson,0.395
The Telegraph UK Politics,2015-05-28 19:30:04,Nicola Sturgeon,0.395
The Telegraph UK Politics,2015-05-28 19:30:04,Comments Tony Blair,0.329
The Guardian UK Politics,2015-05-28 19:45:03,Human Rights Act,0.992
The Guardian UK Politics,2015-05-28 19:45:03,powers,0.476
The Guardian UK Politics,2015-05-28 19:45:03,Poor David Cameron,0.397
The Guardian UK Politics,2015-05-28 19:45:03,human rights convention,0.397
The Guardian UK Politics,2015-05-28 19:45:03,Galloway tweets intention,0.397
The Guardian UK Politics,2015-05-28 19:45:03,maiden Commons speech,0.397
The Guardian UK Politics,2015-05-28 19:45:03,Human Rights,0.238
The Guardian UK Politics,2015-05-28 19:45:03,election,0.238
The Guardian UK Politics,2015-05-28 19:45:03,Douglas Carswell,0.238
The Guardian UK Politics,2015-05-28 19:45:03,Holyrood veto,0.238
The Telegraph UK Politics,2015-05-28 19:45:03,David Cameron,0.987
The Telegraph UK Politics,2015-05-28 19:45:03,East peace envoy,0.658
The Telegraph UK Politics,2015-05-28 19:45:03,Diamond Jubilee State,0.658
The Telegraph UK Politics,2015-05-28 19:45:03,European Union,0.592
The Telegraph UK Politics,2015-05-28 19:45:03,Prime Minister,0.395
The Telegraph UK Politics,2015-05-28 19:45:03,Douglas Carswell,0.395
The Telegraph UK Politics,2015-05-28 19:45:03,Tony Blair,0.395
The Telegraph UK Politics,2015-05-28 19:45:03,Allison Pearson,0.395
The Telegraph UK Politics,2015-05-28 19:45:03,Nicola Sturgeon,0.395
The Telegraph UK Politics,2015-05-28 19:45:03,Comments Tony Blair,0.329
The Guardian UK Politics,2015-05-28 20:00:02,Human Rights Act,0.992
The Guardian UK Politics,2015-05-28 20:00:02,Poor David Cameron,0.397
The Guardian UK Politics,2015-05-28 20:00:02,David Cameron stance,0.397
The Guardian UK Politics,2015-05-28 20:00:02,human rights convention,0.397
The Guardian UK Politics,2015-05-28 20:00:02,Galloway tweets intention,0.397
The Guardian UK Politics,2015-05-28 20:00:02,maiden Commons speech,0.397
The Guardian UK Politics,2015-05-28 20:00:02,powers,0.317
The Guardian UK Politics,2015-05-28 20:00:02,Human Rights,0.238
The Guardian UK Politics,2015-05-28 20:00:02,election,0.238
The Guardian UK Politics,2015-05-28 20:00:02,Douglas Carswell,0.238
The Telegraph UK Politics,2015-05-28 20:00:03,David Cameron,0.987
The Telegraph UK Politics,2015-05-28 20:00:03,East peace envoy,0.658
The Telegraph UK Politics,2015-05-28 20:00:03,Diamond Jubilee State,0.658
The Telegraph UK Politics,2015-05-28 20:00:03,European Union,0.592
The Telegraph UK Politics,2015-05-28 20:00:03,Prime Minister,0.395
The Telegraph UK Politics,2015-05-28 20:00:03,Douglas Carswell,0.395
The Telegraph UK Politics,2015-05-28 20:00:03,Tony Blair,0.395
The Telegraph UK Politics,2015-05-28 20:00:03,Allison Pearson,0.395
The Telegraph UK Politics,2015-05-28 20:00:03,Nicola Sturgeon,0.395
The Telegraph UK Politics,2015-05-28 20:00:03,Comments Tony Blair,0.329
The Guardian UK Politics,2015-05-28 20:15:02,Human Rights Act,0.992
The Guardian UK Politics,2015-05-28 20:15:02,Poor David Cameron,0.397
The Guardian UK Politics,2015-05-28 20:15:02,David Cameron stance,0.397
The Guardian UK Politics,2015-05-28 20:15:02,human rights convention,0.397
The Guardian UK Politics,2015-05-28 20:15:02,Galloway tweets intention,0.397
The Guardian UK Politics,2015-05-28 20:15:02,maiden Commons speech,0.397
The Guardian UK Politics,2015-05-28 20:15:02,powers,0.317
The Guardian UK Politics,2015-05-28 20:15:02,Human Rights,0.238
The Guardian UK Politics,2015-05-28 20:15:02,election,0.238
The Guardian UK Politics,2015-05-28 20:15:02,Douglas Carswell,0.238
The Telegraph UK Politics,2015-05-28 20:15:02,David Cameron,0.987
The Telegraph UK Politics,2015-05-28 20:15:02,East peace envoy,0.658
The Telegraph UK Politics,2015-05-28 20:15:02,Diamond Jubilee State,0.658
The Telegraph UK Politics,2015-05-28 20:15:02,European Union,0.592
The Telegraph UK Politics,2015-05-28 20:15:02,Prime Minister,0.395
The Telegraph UK Politics,2015-05-28 20:15:02,Douglas Carswell,0.395
The Telegraph UK Politics,2015-05-28 20:15:02,Tony Blair,0.395
The Telegraph UK Politics,2015-05-28 20:15:02,Allison Pearson,0.395
The Telegraph UK Politics,2015-05-28 20:15:02,Nicola Sturgeon,0.395
The Telegraph UK Politics,2015-05-28 20:15:02,Comments Tony Blair,0.329
The Guardian UK Politics,2015-05-28 20:30:02,Human Rights Act,0.992
The Guardian UK Politics,2015-05-28 20:30:02,Poor David Cameron,0.397
The Guardian UK Politics,2015-05-28 20:30:02,David Cameron stance,0.397
The Guardian UK Politics,2015-05-28 20:30:02,human rights convention,0.397
The Guardian UK Politics,2015-05-28 20:30:02,Galloway tweets intention,0.397
The Guardian UK Politics,2015-05-28 20:30:02,maiden Commons speech,0.397
The Guardian UK Politics,2015-05-28 20:30:02,powers,0.317
The Guardian UK Politics,2015-05-28 20:30:02,Human Rights,0.238
The Guardian UK Politics,2015-05-28 20:30:02,election,0.238
The Guardian UK Politics,2015-05-28 20:30:02,Douglas Carswell,0.238
The Telegraph UK Politics,2015-05-28 20:30:03,David Cameron,0.987
The Telegraph UK Politics,2015-05-28 20:30:03,Diamond Jubilee State,0.658
The Telegraph UK Politics,2015-05-28 20:30:03,Prime Minister,0.592
The Telegraph UK Politics,2015-05-28 20:30:03,European Union,0.592
The Telegraph UK Politics,2015-05-28 20:30:03,Downing Street,0.395
The Telegraph UK Politics,2015-05-28 20:30:03,Douglas Carswell,0.395
The Telegraph UK Politics,2015-05-28 20:30:03,Tony Blair,0.395
The Telegraph UK Politics,2015-05-28 20:30:03,Allison Pearson,0.395
The Telegraph UK Politics,2015-05-28 20:30:03,Nicola Sturgeon,0.395
The Telegraph UK Politics,2015-05-28 20:30:03,French foreign minister,0.329
The Guardian UK Politics,2015-05-28 20:45:12,Human Rights Act,0.992
The Guardian UK Politics,2015-05-28 20:45:12,Poor David Cameron,0.397
The Guardian UK Politics,2015-05-28 20:45:12,David Cameron stance,0.397
The Guardian UK Politics,2015-05-28 20:45:12,human rights convention,0.397
The Guardian UK Politics,2015-05-28 20:45:12,Galloway tweets intention,0.397
The Guardian UK Politics,2015-05-28 20:45:12,maiden Commons speech,0.397
The Guardian UK Politics,2015-05-28 20:45:12,powers,0.317
The Guardian UK Politics,2015-05-28 20:45:12,Human Rights,0.238
The Guardian UK Politics,2015-05-28 20:45:12,election,0.238
The Guardian UK Politics,2015-05-28 20:45:12,Douglas Carswell,0.238
The Telegraph UK Politics,2015-05-28 20:45:13,David Cameron,0.987
The Telegraph UK Politics,2015-05-28 20:45:13,Diamond Jubilee State,0.658
The Telegraph UK Politics,2015-05-28 20:45:13,Prime Minister,0.592
The Telegraph UK Politics,2015-05-28 20:45:13,European Union,0.592
The Telegraph UK Politics,2015-05-28 20:45:13,Downing Street,0.395
The Telegraph UK Politics,2015-05-28 20:45:13,Douglas Carswell,0.395
The Telegraph UK Politics,2015-05-28 20:45:13,Tony Blair,0.395
The Telegraph UK Politics,2015-05-28 20:45:13,Allison Pearson,0.395
The Telegraph UK Politics,2015-05-28 20:45:13,Nicola Sturgeon,0.395
The Telegraph UK Politics,2015-05-28 20:45:13,French foreign minister,0.329
The Guardian UK Politics,2015-05-28 21:00:14,Human Rights Act,0.992
The Guardian UK Politics,2015-05-28 21:00:14,Poor David Cameron,0.397
The Guardian UK Politics,2015-05-28 21:00:14,David Cameron stance,0.397
The Guardian UK Politics,2015-05-28 21:00:14,human rights convention,0.397
The Guardian UK Politics,2015-05-28 21:00:14,Galloway tweets intention,0.397
The Guardian UK Politics,2015-05-28 21:00:14,maiden Commons speech,0.397
The Guardian UK Politics,2015-05-28 21:00:14,powers,0.317
The Guardian UK Politics,2015-05-28 21:00:14,Human Rights,0.238
The Guardian UK Politics,2015-05-28 21:00:14,election,0.238
The Guardian UK Politics,2015-05-28 21:00:14,Douglas Carswell,0.238
The Guardian UK Politics,2015-05-28 21:15:04,Human Rights Act,0.992
The Guardian UK Politics,2015-05-28 21:15:04,Poor David Cameron,0.397
The Guardian UK Politics,2015-05-28 21:15:04,David Cameron stance,0.397
The Guardian UK Politics,2015-05-28 21:15:04,human rights convention,0.397
The Guardian UK Politics,2015-05-28 21:15:04,Galloway tweets intention,0.397
The Guardian UK Politics,2015-05-28 21:15:04,maiden Commons speech,0.397
The Guardian UK Politics,2015-05-28 21:15:04,powers,0.317
The Guardian UK Politics,2015-05-28 21:15:04,Human Rights,0.238
The Guardian UK Politics,2015-05-28 21:15:04,election,0.238
The Guardian UK Politics,2015-05-28 21:15:04,Douglas Carswell,0.238
The Telegraph UK Politics,2015-05-28 21:15:04,David Cameron,0.987
The Telegraph UK Politics,2015-05-28 21:15:04,Diamond Jubilee State,0.658
The Telegraph UK Politics,2015-05-28 21:15:04,Prime Minister,0.592
The Telegraph UK Politics,2015-05-28 21:15:04,European Union,0.592
The Telegraph UK Politics,2015-05-28 21:15:04,Downing Street,0.395
The Telegraph UK Politics,2015-05-28 21:15:04,Douglas Carswell,0.395
The Telegraph UK Politics,2015-05-28 21:15:04,Tony Blair,0.395
The Telegraph UK Politics,2015-05-28 21:15:04,Allison Pearson,0.395
The Telegraph UK Politics,2015-05-28 21:15:04,Nicola Sturgeon,0.395
The Telegraph UK Politics,2015-05-28 21:15:04,French foreign minister,0.329
The Guardian UK Politics,2015-05-28 21:45:03,Human Rights Act,0.992
The Guardian UK Politics,2015-05-28 21:45:03,Poor David Cameron,0.397
The Guardian UK Politics,2015-05-28 21:45:03,David Cameron stance,0.397
The Guardian UK Politics,2015-05-28 21:45:03,human rights convention,0.397
The Guardian UK Politics,2015-05-28 21:45:03,Galloway tweets intention,0.397
The Guardian UK Politics,2015-05-28 21:45:03,maiden Commons speech,0.397
The Guardian UK Politics,2015-05-28 21:45:03,powers,0.317
The Guardian UK Politics,2015-05-28 21:45:03,Human Rights,0.238
The Guardian UK Politics,2015-05-28 21:45:03,election,0.238
The Guardian UK Politics,2015-05-28 21:45:03,Douglas Carswell,0.238
The Telegraph UK Politics,2015-05-28 21:45:12,David Cameron,0.987
The Telegraph UK Politics,2015-05-28 21:45:12,Diamond Jubilee State,0.658
The Telegraph UK Politics,2015-05-28 21:45:12,Prime Minister,0.592
The Telegraph UK Politics,2015-05-28 21:45:12,European Union,0.592
The Telegraph UK Politics,2015-05-28 21:45:12,Downing Street,0.395
The Telegraph UK Politics,2015-05-28 21:45:12,Douglas Carswell,0.395
The Telegraph UK Politics,2015-05-28 21:45:12,Tony Blair,0.395
The Telegraph UK Politics,2015-05-28 21:45:12,Allison Pearson,0.395
The Telegraph UK Politics,2015-05-28 21:45:12,Nicola Sturgeon,0.395
The Telegraph UK Politics,2015-05-28 21:45:12,French foreign minister,0.329
The Guardian UK Politics,2015-05-28 22:00:03,Human Rights Act,0.992
The Guardian UK Politics,2015-05-28 22:00:03,Poor David Cameron,0.397
The Guardian UK Politics,2015-05-28 22:00:03,David Cameron stance,0.397
The Guardian UK Politics,2015-05-28 22:00:03,human rights convention,0.397
The Guardian UK Politics,2015-05-28 22:00:03,Galloway tweets intention,0.397
The Guardian UK Politics,2015-05-28 22:00:03,maiden Commons speech,0.397
The Guardian UK Politics,2015-05-28 22:00:03,powers,0.317
The Guardian UK Politics,2015-05-28 22:00:03,Human Rights,0.238
The Guardian UK Politics,2015-05-28 22:00:03,election,0.238
The Guardian UK Politics,2015-05-28 22:00:03,Douglas Carswell,0.238
The Telegraph UK Politics,2015-05-28 22:00:04,David Cameron,0.987
The Telegraph UK Politics,2015-05-28 22:00:04,Diamond Jubilee State,0.658
The Telegraph UK Politics,2015-05-28 22:00:04,Prime Minister,0.592
The Telegraph UK Politics,2015-05-28 22:00:04,European Union,0.592
The Telegraph UK Politics,2015-05-28 22:00:04,Downing Street,0.395
The Telegraph UK Politics,2015-05-28 22:00:04,Douglas Carswell,0.395
The Telegraph UK Politics,2015-05-28 22:00:04,Tony Blair,0.395
The Telegraph UK Politics,2015-05-28 22:00:04,Allison Pearson,0.395
The Telegraph UK Politics,2015-05-28 22:00:04,Nicola Sturgeon,0.395
The Telegraph UK Politics,2015-05-28 22:00:04,French foreign minister,0.329
The Guardian UK Politics,2015-05-28 22:15:01,Human Rights Act,0.992
The Guardian UK Politics,2015-05-28 22:15:01,Poor David Cameron,0.397
The Guardian UK Politics,2015-05-28 22:15:01,David Cameron stance,0.397
The Guardian UK Politics,2015-05-28 22:15:01,human rights convention,0.397
The Guardian UK Politics,2015-05-28 22:15:01,Galloway tweets intention,0.397
The Guardian UK Politics,2015-05-28 22:15:01,maiden Commons speech,0.397
The Guardian UK Politics,2015-05-28 22:15:01,powers,0.317
The Guardian UK Politics,2015-05-28 22:15:01,Human Rights,0.238
The Guardian UK Politics,2015-05-28 22:15:01,election,0.238
The Guardian UK Politics,2015-05-28 22:15:01,Douglas Carswell,0.238
The Telegraph UK Politics,2015-05-28 22:15:02,David Cameron,0.987
The Telegraph UK Politics,2015-05-28 22:15:02,Diamond Jubilee State,0.658
The Telegraph UK Politics,2015-05-28 22:15:02,Prime Minister,0.592
The Telegraph UK Politics,2015-05-28 22:15:02,European Union,0.592
The Telegraph UK Politics,2015-05-28 22:15:02,Downing Street,0.395
The Telegraph UK Politics,2015-05-28 22:15:02,Douglas Carswell,0.395
The Telegraph UK Politics,2015-05-28 22:15:02,Tony Blair,0.395
The Telegraph UK Politics,2015-05-28 22:15:02,Allison Pearson,0.395
The Telegraph UK Politics,2015-05-28 22:15:02,Nicola Sturgeon,0.395
The Telegraph UK Politics,2015-05-28 22:15:02,French foreign minister,0.329
The Guardian UK Politics,2015-05-28 22:30:03,Human Rights Act,0.992
The Guardian UK Politics,2015-05-28 22:30:03,Poor David Cameron,0.397
The Guardian UK Politics,2015-05-28 22:30:03,David Cameron stance,0.397
The Guardian UK Politics,2015-05-28 22:30:03,human rights convention,0.397
The Guardian UK Politics,2015-05-28 22:30:03,Galloway tweets intention,0.397
The Guardian UK Politics,2015-05-28 22:30:03,maiden Commons speech,0.397
The Guardian UK Politics,2015-05-28 22:30:03,powers,0.317
The Guardian UK Politics,2015-05-28 22:30:03,Human Rights,0.238
The Guardian UK Politics,2015-05-28 22:30:03,election,0.238
The Guardian UK Politics,2015-05-28 22:30:03,Douglas Carswell,0.238
The Telegraph UK Politics,2015-05-28 22:30:03,David Cameron,0.987
The Telegraph UK Politics,2015-05-28 22:30:03,Diamond Jubilee State,0.658
The Telegraph UK Politics,2015-05-28 22:30:03,Prime Minister,0.592
The Telegraph UK Politics,2015-05-28 22:30:03,European Union,0.592
The Telegraph UK Politics,2015-05-28 22:30:03,Downing Street,0.395
The Telegraph UK Politics,2015-05-28 22:30:03,Douglas Carswell,0.395
The Telegraph UK Politics,2015-05-28 22:30:03,Tony Blair,0.395
The Telegraph UK Politics,2015-05-28 22:30:03,Allison Pearson,0.395
The Telegraph UK Politics,2015-05-28 22:30:03,Nicola Sturgeon,0.395
The Telegraph UK Politics,2015-05-28 22:30:03,French foreign minister,0.329
The Guardian UK Politics,2015-05-28 22:45:02,Human Rights Act,0.992
The Guardian UK Politics,2015-05-28 22:45:02,Poor David Cameron,0.397
The Guardian UK Politics,2015-05-28 22:45:02,David Cameron stance,0.397
The Guardian UK Politics,2015-05-28 22:45:02,human rights convention,0.397
The Guardian UK Politics,2015-05-28 22:45:02,Galloway tweets intention,0.397
The Guardian UK Politics,2015-05-28 22:45:02,maiden Commons speech,0.397
The Guardian UK Politics,2015-05-28 22:45:02,powers,0.317
The Guardian UK Politics,2015-05-28 22:45:02,Human Rights,0.238
The Guardian UK Politics,2015-05-28 22:45:02,election,0.238
The Guardian UK Politics,2015-05-28 22:45:02,Douglas Carswell,0.238
The Telegraph UK Politics,2015-05-28 22:45:03,David Cameron,0.987
The Telegraph UK Politics,2015-05-28 22:45:03,Diamond Jubilee State,0.658
The Telegraph UK Politics,2015-05-28 22:45:03,Prime Minister,0.592
The Telegraph UK Politics,2015-05-28 22:45:03,European Union,0.592
The Telegraph UK Politics,2015-05-28 22:45:03,Downing Street,0.395
The Telegraph UK Politics,2015-05-28 22:45:03,Douglas Carswell,0.395
The Telegraph UK Politics,2015-05-28 22:45:03,Tony Blair,0.395
The Telegraph UK Politics,2015-05-28 22:45:03,Allison Pearson,0.395
The Telegraph UK Politics,2015-05-28 22:45:03,Nicola Sturgeon,0.395
The Telegraph UK Politics,2015-05-28 22:45:03,French foreign minister,0.329
The Guardian UK Politics,2015-05-28 23:00:02,Human Rights Act,0.992
The Guardian UK Politics,2015-05-28 23:00:02,Poor David Cameron,0.397
The Guardian UK Politics,2015-05-28 23:00:02,David Cameron stance,0.397
The Guardian UK Politics,2015-05-28 23:00:02,human rights convention,0.397
The Guardian UK Politics,2015-05-28 23:00:02,Galloway tweets intention,0.397
The Guardian UK Politics,2015-05-28 23:00:02,maiden Commons speech,0.397
The Guardian UK Politics,2015-05-28 23:00:02,powers,0.317
The Guardian UK Politics,2015-05-28 23:00:02,Human Rights,0.238
The Guardian UK Politics,2015-05-28 23:00:02,election,0.238
The Guardian UK Politics,2015-05-28 23:00:02,Douglas Carswell,0.238
The Telegraph UK Politics,2015-05-28 23:00:03,David Cameron,0.987
The Telegraph UK Politics,2015-05-28 23:00:03,Diamond Jubilee State,0.658
The Telegraph UK Politics,2015-05-28 23:00:03,Prime Minister,0.592
The Telegraph UK Politics,2015-05-28 23:00:03,European Union,0.592
The Telegraph UK Politics,2015-05-28 23:00:03,Downing Street,0.395
The Telegraph UK Politics,2015-05-28 23:00:03,Douglas Carswell,0.395
The Telegraph UK Politics,2015-05-28 23:00:03,Tony Blair,0.395
The Telegraph UK Politics,2015-05-28 23:00:03,Allison Pearson,0.395
The Telegraph UK Politics,2015-05-28 23:00:03,Nicola Sturgeon,0.395
The Telegraph UK Politics,2015-05-28 23:00:03,French foreign minister,0.329
The Guardian UK Politics,2015-05-28 23:15:02,Human Rights Act,0.992
The Guardian UK Politics,2015-05-28 23:15:02,Poor David Cameron,0.397
The Guardian UK Politics,2015-05-28 23:15:02,David Cameron stance,0.397
The Guardian UK Politics,2015-05-28 23:15:02,human rights convention,0.397
The Guardian UK Politics,2015-05-28 23:15:02,Galloway tweets intention,0.397
The Guardian UK Politics,2015-05-28 23:15:02,maiden Commons speech,0.397
The Guardian UK Politics,2015-05-28 23:15:02,powers,0.317
The Guardian UK Politics,2015-05-28 23:15:02,Human Rights,0.238
The Guardian UK Politics,2015-05-28 23:15:02,election,0.238
The Guardian UK Politics,2015-05-28 23:15:02,Douglas Carswell,0.238
The Telegraph UK Politics,2015-05-28 23:15:02,David Cameron,0.987
The Telegraph UK Politics,2015-05-28 23:15:02,Diamond Jubilee State,0.658
The Telegraph UK Politics,2015-05-28 23:15:02,Prime Minister,0.592
The Telegraph UK Politics,2015-05-28 23:15:02,European Union,0.592
The Telegraph UK Politics,2015-05-28 23:15:02,Downing Street,0.395
The Telegraph UK Politics,2015-05-28 23:15:02,Douglas Carswell,0.395
The Telegraph UK Politics,2015-05-28 23:15:02,Tony Blair,0.395
The Telegraph UK Politics,2015-05-28 23:15:02,Allison Pearson,0.395
The Telegraph UK Politics,2015-05-28 23:15:02,Nicola Sturgeon,0.395
The Telegraph UK Politics,2015-05-28 23:15:02,French foreign minister,0.329
The Guardian UK Politics,2015-05-28 23:30:03,Human Rights Act,0.990
The Guardian UK Politics,2015-05-28 23:30:03,David Cameron stance,0.495
The Guardian UK Politics,2015-05-28 23:30:03,human rights convention,0.495
The Guardian UK Politics,2015-05-28 23:30:03,business leaders Labour,0.495
The Guardian UK Politics,2015-05-28 23:30:03,maiden Commons speech,0.495
The Guardian UK Politics,2015-05-28 23:30:03,Galloway tweets intention,0.495
The Guardian UK Politics,2015-05-28 23:30:03,powers,0.396
The Guardian UK Politics,2015-05-28 23:30:03,election,0.297
The Guardian UK Politics,2015-05-28 23:30:03,Douglas Carswell,0.297
The Guardian UK Politics,2015-05-28 23:30:03,Holyrood veto,0.297
The Telegraph UK Politics,2015-05-28 23:30:04,David Cameron,0.984
The Telegraph UK Politics,2015-05-28 23:30:04,Diamond Jubilee State,0.820
The Telegraph UK Politics,2015-05-28 23:30:04,Prime Minister,0.738
The Telegraph UK Politics,2015-05-28 23:30:04,European Union,0.738
The Telegraph UK Politics,2015-05-28 23:30:04,Downing Street,0.492
The Telegraph UK Politics,2015-05-28 23:30:04,Douglas Carswell,0.492
The Telegraph UK Politics,2015-05-28 23:30:04,Andy Burnham,0.492
The Telegraph UK Politics,2015-05-28 23:30:04,Tony Blair,0.492
The Telegraph UK Politics,2015-05-28 23:30:04,Allison Pearson,0.492
The Telegraph UK Politics,2015-05-28 23:30:04,Nicola Sturgeon,0.492
The Guardian UK Politics,2015-05-28 23:45:03,Human Rights Act,0.990
The Guardian UK Politics,2015-05-28 23:45:03,David Cameron stance,0.495
The Guardian UK Politics,2015-05-28 23:45:03,human rights convention,0.495
The Guardian UK Politics,2015-05-28 23:45:03,business leaders Labour,0.495
The Guardian UK Politics,2015-05-28 23:45:03,maiden Commons speech,0.495
The Guardian UK Politics,2015-05-28 23:45:03,Galloway tweets intention,0.495
The Guardian UK Politics,2015-05-28 23:45:03,powers,0.396
The Guardian UK Politics,2015-05-28 23:45:03,election,0.297
The Guardian UK Politics,2015-05-28 23:45:03,Douglas Carswell,0.297
The Guardian UK Politics,2015-05-28 23:45:03,Holyrood veto,0.297
The Telegraph UK Politics,2015-05-28 23:45:03,David Cameron,0.984
The Telegraph UK Politics,2015-05-28 23:45:03,Diamond Jubilee State,0.820
The Telegraph UK Politics,2015-05-28 23:45:03,Prime Minister,0.738
The Telegraph UK Politics,2015-05-28 23:45:03,European Union,0.738
The Telegraph UK Politics,2015-05-28 23:45:03,Downing Street,0.492
The Telegraph UK Politics,2015-05-28 23:45:03,Douglas Carswell,0.492
The Telegraph UK Politics,2015-05-28 23:45:03,Andy Burnham,0.492
The Telegraph UK Politics,2015-05-28 23:45:03,Tony Blair,0.492
The Telegraph UK Politics,2015-05-28 23:45:03,Allison Pearson,0.492
The Telegraph UK Politics,2015-05-28 23:45:03,Nicola Sturgeon,0.492
The Guardian UK Politics,2015-05-29 00:00:02,Human Rights Act,0.990
The Guardian UK Politics,2015-05-29 00:00:02,David Cameron stance,0.495
The Guardian UK Politics,2015-05-29 00:00:02,human rights convention,0.495
The Guardian UK Politics,2015-05-29 00:00:02,business leaders Labour,0.495
The Guardian UK Politics,2015-05-29 00:00:02,maiden Commons speech,0.495
The Guardian UK Politics,2015-05-29 00:00:02,Galloway tweets intention,0.495
The Guardian UK Politics,2015-05-29 00:00:02,powers,0.396
The Guardian UK Politics,2015-05-29 00:00:02,election,0.297
The Guardian UK Politics,2015-05-29 00:00:02,Douglas Carswell,0.297
The Guardian UK Politics,2015-05-29 00:00:02,Holyrood veto,0.297
The Telegraph UK Politics,2015-05-29 00:00:03,David Cameron,0.984
The Telegraph UK Politics,2015-05-29 00:00:03,Diamond Jubilee State,0.820
The Telegraph UK Politics,2015-05-29 00:00:03,Prime Minister,0.738
The Telegraph UK Politics,2015-05-29 00:00:03,European Union,0.738
The Telegraph UK Politics,2015-05-29 00:00:03,Downing Street,0.492
The Telegraph UK Politics,2015-05-29 00:00:03,Douglas Carswell,0.492
The Telegraph UK Politics,2015-05-29 00:00:03,Andy Burnham,0.492
The Telegraph UK Politics,2015-05-29 00:00:03,Tony Blair,0.492
The Telegraph UK Politics,2015-05-29 00:00:03,Allison Pearson,0.492
The Telegraph UK Politics,2015-05-29 00:00:03,Nicola Sturgeon,0.492
The Guardian UK Politics,2015-05-29 00:15:02,Human Rights Act,0.990
The Guardian UK Politics,2015-05-29 00:15:02,David Cameron stance,0.495
The Guardian UK Politics,2015-05-29 00:15:02,human rights convention,0.495
The Guardian UK Politics,2015-05-29 00:15:02,business leaders Labour,0.495
The Guardian UK Politics,2015-05-29 00:15:02,maiden Commons speech,0.495
The Guardian UK Politics,2015-05-29 00:15:02,Galloway tweets intention,0.495
The Guardian UK Politics,2015-05-29 00:15:02,powers,0.396
The Guardian UK Politics,2015-05-29 00:15:02,election,0.297
The Guardian UK Politics,2015-05-29 00:15:02,Douglas Carswell,0.297
The Guardian UK Politics,2015-05-29 00:15:02,Holyrood veto,0.297
The Telegraph UK Politics,2015-05-29 00:15:02,David Cameron,0.984
The Telegraph UK Politics,2015-05-29 00:15:02,Diamond Jubilee State,0.820
The Telegraph UK Politics,2015-05-29 00:15:02,Prime Minister,0.738
The Telegraph UK Politics,2015-05-29 00:15:02,European Union,0.738
The Telegraph UK Politics,2015-05-29 00:15:02,Downing Street,0.492
The Telegraph UK Politics,2015-05-29 00:15:02,Douglas Carswell,0.492
The Telegraph UK Politics,2015-05-29 00:15:02,Andy Burnham,0.492
The Telegraph UK Politics,2015-05-29 00:15:02,Tony Blair,0.492
The Telegraph UK Politics,2015-05-29 00:15:02,Allison Pearson,0.492
The Telegraph UK Politics,2015-05-29 00:15:02,Nicola Sturgeon,0.492
The Guardian UK Politics,2015-05-29 00:30:02,Human Rights Act,0.990
The Guardian UK Politics,2015-05-29 00:30:02,David Cameron stance,0.495
The Guardian UK Politics,2015-05-29 00:30:02,human rights convention,0.495
The Guardian UK Politics,2015-05-29 00:30:02,business leaders Labour,0.495
The Guardian UK Politics,2015-05-29 00:30:02,maiden Commons speech,0.495
The Guardian UK Politics,2015-05-29 00:30:02,Galloway tweets intention,0.495
The Guardian UK Politics,2015-05-29 00:30:02,powers,0.396
The Guardian UK Politics,2015-05-29 00:30:02,election,0.297
The Guardian UK Politics,2015-05-29 00:30:02,Douglas Carswell,0.297
The Guardian UK Politics,2015-05-29 00:30:02,Holyrood veto,0.297
The Telegraph UK Politics,2015-05-29 00:30:03,David Cameron,0.984
The Telegraph UK Politics,2015-05-29 00:30:03,Diamond Jubilee State,0.820
The Telegraph UK Politics,2015-05-29 00:30:03,Prime Minister,0.738
The Telegraph UK Politics,2015-05-29 00:30:03,European Union,0.738
The Telegraph UK Politics,2015-05-29 00:30:03,Downing Street,0.492
The Telegraph UK Politics,2015-05-29 00:30:03,Douglas Carswell,0.492
The Telegraph UK Politics,2015-05-29 00:30:03,Andy Burnham,0.492
The Telegraph UK Politics,2015-05-29 00:30:03,Tony Blair,0.492
The Telegraph UK Politics,2015-05-29 00:30:03,Allison Pearson,0.492
The Telegraph UK Politics,2015-05-29 00:30:03,Nicola Sturgeon,0.492
The Guardian UK Politics,2015-05-29 00:45:03,Human Rights Act,0.990
The Guardian UK Politics,2015-05-29 00:45:03,David Cameron stance,0.495
The Guardian UK Politics,2015-05-29 00:45:03,human rights convention,0.495
The Guardian UK Politics,2015-05-29 00:45:03,business leaders Labour,0.495
The Guardian UK Politics,2015-05-29 00:45:03,maiden Commons speech,0.495
The Guardian UK Politics,2015-05-29 00:45:03,Galloway tweets intention,0.495
The Guardian UK Politics,2015-05-29 00:45:03,powers,0.396
The Guardian UK Politics,2015-05-29 00:45:03,election,0.297
The Guardian UK Politics,2015-05-29 00:45:03,Douglas Carswell,0.297
The Guardian UK Politics,2015-05-29 00:45:03,Holyrood veto,0.297
The Telegraph UK Politics,2015-05-29 00:45:12,David Cameron,0.984
The Telegraph UK Politics,2015-05-29 00:45:12,Diamond Jubilee State,0.820
The Telegraph UK Politics,2015-05-29 00:45:12,Prime Minister,0.738
The Telegraph UK Politics,2015-05-29 00:45:12,European Union,0.738
The Telegraph UK Politics,2015-05-29 00:45:12,Downing Street,0.492
The Telegraph UK Politics,2015-05-29 00:45:12,Douglas Carswell,0.492
The Telegraph UK Politics,2015-05-29 00:45:12,Andy Burnham,0.492
The Telegraph UK Politics,2015-05-29 00:45:12,Tony Blair,0.492
The Telegraph UK Politics,2015-05-29 00:45:12,Allison Pearson,0.492
The Telegraph UK Politics,2015-05-29 00:45:12,Nicola Sturgeon,0.492
The Guardian UK Politics,2015-05-29 01:00:03,Human Rights Act,0.990
The Guardian UK Politics,2015-05-29 01:00:03,David Cameron stance,0.495
The Guardian UK Politics,2015-05-29 01:00:03,human rights convention,0.495
The Guardian UK Politics,2015-05-29 01:00:03,business leaders Labour,0.495
The Guardian UK Politics,2015-05-29 01:00:03,maiden Commons speech,0.495
The Guardian UK Politics,2015-05-29 01:00:03,Galloway tweets intention,0.495
The Guardian UK Politics,2015-05-29 01:00:03,powers,0.396
The Guardian UK Politics,2015-05-29 01:00:03,election,0.297
The Guardian UK Politics,2015-05-29 01:00:03,Douglas Carswell,0.297
The Guardian UK Politics,2015-05-29 01:00:03,Holyrood veto,0.297
The Telegraph UK Politics,2015-05-29 01:00:04,David Cameron,0.984
The Telegraph UK Politics,2015-05-29 01:00:04,Diamond Jubilee State,0.820
The Telegraph UK Politics,2015-05-29 01:00:04,Prime Minister,0.738
The Telegraph UK Politics,2015-05-29 01:00:04,European Union,0.738
The Telegraph UK Politics,2015-05-29 01:00:04,Downing Street,0.492
The Telegraph UK Politics,2015-05-29 01:00:04,Douglas Carswell,0.492
The Telegraph UK Politics,2015-05-29 01:00:04,Andy Burnham,0.492
The Telegraph UK Politics,2015-05-29 01:00:04,Tony Blair,0.492
The Telegraph UK Politics,2015-05-29 01:00:04,Allison Pearson,0.492
The Telegraph UK Politics,2015-05-29 01:00:04,Nicola Sturgeon,0.492
The Guardian UK Politics,2015-05-29 01:15:02,Human Rights Act,0.990
The Guardian UK Politics,2015-05-29 01:15:02,David Cameron stance,0.495
The Guardian UK Politics,2015-05-29 01:15:02,human rights convention,0.495
The Guardian UK Politics,2015-05-29 01:15:02,business leaders Labour,0.495
The Guardian UK Politics,2015-05-29 01:15:02,maiden Commons speech,0.495
The Guardian UK Politics,2015-05-29 01:15:02,Galloway tweets intention,0.495
The Guardian UK Politics,2015-05-29 01:15:02,powers,0.396
The Guardian UK Politics,2015-05-29 01:15:02,election,0.297
The Guardian UK Politics,2015-05-29 01:15:02,Douglas Carswell,0.297
The Guardian UK Politics,2015-05-29 01:15:02,Holyrood veto,0.297
The Telegraph UK Politics,2015-05-29 01:15:02,David Cameron,0.984
The Telegraph UK Politics,2015-05-29 01:15:02,Diamond Jubilee State,0.820
The Telegraph UK Politics,2015-05-29 01:15:02,Prime Minister,0.738
The Telegraph UK Politics,2015-05-29 01:15:02,European Union,0.738
The Telegraph UK Politics,2015-05-29 01:15:02,Downing Street,0.492
The Telegraph UK Politics,2015-05-29 01:15:02,Douglas Carswell,0.492
The Telegraph UK Politics,2015-05-29 01:15:02,Andy Burnham,0.492
The Telegraph UK Politics,2015-05-29 01:15:02,Tony Blair,0.492
The Telegraph UK Politics,2015-05-29 01:15:02,Allison Pearson,0.492
The Telegraph UK Politics,2015-05-29 01:15:02,Nicola Sturgeon,0.492
The Guardian UK Politics,2015-05-29 01:30:02,Human Rights Act,0.990
The Guardian UK Politics,2015-05-29 01:30:02,David Cameron stance,0.495
The Guardian UK Politics,2015-05-29 01:30:02,human rights convention,0.495
The Guardian UK Politics,2015-05-29 01:30:02,business leaders Labour,0.495
The Guardian UK Politics,2015-05-29 01:30:02,maiden Commons speech,0.495
The Guardian UK Politics,2015-05-29 01:30:02,Galloway tweets intention,0.495
The Guardian UK Politics,2015-05-29 01:30:02,powers,0.396
The Guardian UK Politics,2015-05-29 01:30:02,election,0.297
The Guardian UK Politics,2015-05-29 01:30:02,Douglas Carswell,0.297
The Guardian UK Politics,2015-05-29 01:30:02,Holyrood veto,0.297
The Telegraph UK Politics,2015-05-29 01:30:02,David Cameron,0.984
The Telegraph UK Politics,2015-05-29 01:30:02,Diamond Jubilee State,0.820
The Telegraph UK Politics,2015-05-29 01:30:02,Prime Minister,0.738
The Telegraph UK Politics,2015-05-29 01:30:02,European Union,0.738
The Telegraph UK Politics,2015-05-29 01:30:02,Downing Street,0.492
The Telegraph UK Politics,2015-05-29 01:30:02,Douglas Carswell,0.492
The Telegraph UK Politics,2015-05-29 01:30:02,Andy Burnham,0.492
The Telegraph UK Politics,2015-05-29 01:30:02,Tony Blair,0.492
The Telegraph UK Politics,2015-05-29 01:30:02,Allison Pearson,0.492
The Telegraph UK Politics,2015-05-29 01:30:02,Nicola Sturgeon,0.492
The Guardian UK Politics,2015-05-29 01:45:01,Human Rights Act,0.990
The Guardian UK Politics,2015-05-29 01:45:01,David Cameron stance,0.495
The Guardian UK Politics,2015-05-29 01:45:01,human rights convention,0.495
The Guardian UK Politics,2015-05-29 01:45:01,business leaders Labour,0.495
The Guardian UK Politics,2015-05-29 01:45:01,maiden Commons speech,0.495
The Guardian UK Politics,2015-05-29 01:45:01,Galloway tweets intention,0.495
The Guardian UK Politics,2015-05-29 01:45:01,powers,0.396
The Guardian UK Politics,2015-05-29 01:45:01,election,0.297
The Guardian UK Politics,2015-05-29 01:45:01,Douglas Carswell,0.297
The Guardian UK Politics,2015-05-29 01:45:01,Holyrood veto,0.297
The Telegraph UK Politics,2015-05-29 01:45:02,David Cameron,0.984
The Telegraph UK Politics,2015-05-29 01:45:02,Diamond Jubilee State,0.820
The Telegraph UK Politics,2015-05-29 01:45:02,Prime Minister,0.738
The Telegraph UK Politics,2015-05-29 01:45:02,European Union,0.738
The Telegraph UK Politics,2015-05-29 01:45:02,Downing Street,0.492
The Telegraph UK Politics,2015-05-29 01:45:02,Douglas Carswell,0.492
The Telegraph UK Politics,2015-05-29 01:45:02,Andy Burnham,0.492
The Telegraph UK Politics,2015-05-29 01:45:02,Tony Blair,0.492
The Telegraph UK Politics,2015-05-29 01:45:02,Allison Pearson,0.492
The Telegraph UK Politics,2015-05-29 01:45:02,Nicola Sturgeon,0.492
The Guardian UK Politics,2015-05-29 02:00:03,Human Rights Act,0.990
The Guardian UK Politics,2015-05-29 02:00:03,David Cameron stance,0.495
The Guardian UK Politics,2015-05-29 02:00:03,human rights convention,0.495
The Guardian UK Politics,2015-05-29 02:00:03,business leaders Labour,0.495
The Guardian UK Politics,2015-05-29 02:00:03,maiden Commons speech,0.495
The Guardian UK Politics,2015-05-29 02:00:03,Galloway tweets intention,0.495
The Guardian UK Politics,2015-05-29 02:00:03,powers,0.396
The Guardian UK Politics,2015-05-29 02:00:03,election,0.297
The Guardian UK Politics,2015-05-29 02:00:03,Douglas Carswell,0.297
The Guardian UK Politics,2015-05-29 02:00:03,Holyrood veto,0.297
The Telegraph UK Politics,2015-05-29 02:00:04,David Cameron,0.984
The Telegraph UK Politics,2015-05-29 02:00:04,Diamond Jubilee State,0.820
The Telegraph UK Politics,2015-05-29 02:00:04,Prime Minister,0.738
The Telegraph UK Politics,2015-05-29 02:00:04,European Union,0.738
The Telegraph UK Politics,2015-05-29 02:00:04,Downing Street,0.492
The Telegraph UK Politics,2015-05-29 02:00:04,Douglas Carswell,0.492
The Telegraph UK Politics,2015-05-29 02:00:04,Andy Burnham,0.492
The Telegraph UK Politics,2015-05-29 02:00:04,Tony Blair,0.492
The Telegraph UK Politics,2015-05-29 02:00:04,Allison Pearson,0.492
The Telegraph UK Politics,2015-05-29 02:00:04,Nicola Sturgeon,0.492
The Guardian UK Politics,2015-05-29 02:15:02,Human Rights Act,0.990
The Guardian UK Politics,2015-05-29 02:15:02,David Cameron stance,0.495
The Guardian UK Politics,2015-05-29 02:15:02,human rights convention,0.495
The Guardian UK Politics,2015-05-29 02:15:02,business leaders Labour,0.495
The Guardian UK Politics,2015-05-29 02:15:02,maiden Commons speech,0.495
The Guardian UK Politics,2015-05-29 02:15:02,Galloway tweets intention,0.495
The Guardian UK Politics,2015-05-29 02:15:02,powers,0.396
The Guardian UK Politics,2015-05-29 02:15:02,election,0.297
The Guardian UK Politics,2015-05-29 02:15:02,Douglas Carswell,0.297
The Guardian UK Politics,2015-05-29 02:15:02,Holyrood veto,0.297
The Telegraph UK Politics,2015-05-29 02:15:03,David Cameron,0.984
The Telegraph UK Politics,2015-05-29 02:15:03,Diamond Jubilee State,0.820
The Telegraph UK Politics,2015-05-29 02:15:03,Prime Minister,0.738
The Telegraph UK Politics,2015-05-29 02:15:03,European Union,0.738
The Telegraph UK Politics,2015-05-29 02:15:03,Downing Street,0.492
The Telegraph UK Politics,2015-05-29 02:15:03,Douglas Carswell,0.492
The Telegraph UK Politics,2015-05-29 02:15:03,Andy Burnham,0.492
The Telegraph UK Politics,2015-05-29 02:15:03,Tony Blair,0.492
The Telegraph UK Politics,2015-05-29 02:15:03,Allison Pearson,0.492
The Telegraph UK Politics,2015-05-29 02:15:03,Nicola Sturgeon,0.492
The Guardian UK Politics,2015-05-29 02:30:02,Human Rights Act,0.990
The Guardian UK Politics,2015-05-29 02:30:02,David Cameron stance,0.495
The Guardian UK Politics,2015-05-29 02:30:02,human rights convention,0.495
The Guardian UK Politics,2015-05-29 02:30:02,business leaders Labour,0.495
The Guardian UK Politics,2015-05-29 02:30:02,maiden Commons speech,0.495
The Guardian UK Politics,2015-05-29 02:30:02,Galloway tweets intention,0.495
The Guardian UK Politics,2015-05-29 02:30:02,powers,0.396
The Guardian UK Politics,2015-05-29 02:30:02,election,0.297
The Guardian UK Politics,2015-05-29 02:30:02,Douglas Carswell,0.297
The Guardian UK Politics,2015-05-29 02:30:02,Holyrood veto,0.297
The Telegraph UK Politics,2015-05-29 02:30:03,David Cameron,0.984
The Telegraph UK Politics,2015-05-29 02:30:03,Diamond Jubilee State,0.820
The Telegraph UK Politics,2015-05-29 02:30:03,Prime Minister,0.738
The Telegraph UK Politics,2015-05-29 02:30:03,European Union,0.738
The Telegraph UK Politics,2015-05-29 02:30:03,Downing Street,0.492
The Telegraph UK Politics,2015-05-29 02:30:03,Douglas Carswell,0.492
The Telegraph UK Politics,2015-05-29 02:30:03,Andy Burnham,0.492
The Telegraph UK Politics,2015-05-29 02:30:03,Tony Blair,0.492
The Telegraph UK Politics,2015-05-29 02:30:03,Allison Pearson,0.492
The Telegraph UK Politics,2015-05-29 02:30:03,Nicola Sturgeon,0.492
The Guardian UK Politics,2015-05-29 02:45:02,Human Rights Act,0.990
The Guardian UK Politics,2015-05-29 02:45:02,David Cameron stance,0.495
The Guardian UK Politics,2015-05-29 02:45:02,human rights convention,0.495
The Guardian UK Politics,2015-05-29 02:45:02,business leaders Labour,0.495
The Guardian UK Politics,2015-05-29 02:45:02,maiden Commons speech,0.495
The Guardian UK Politics,2015-05-29 02:45:02,Galloway tweets intention,0.495
The Guardian UK Politics,2015-05-29 02:45:02,powers,0.396
The Guardian UK Politics,2015-05-29 02:45:02,election,0.297
The Guardian UK Politics,2015-05-29 02:45:02,Douglas Carswell,0.297
The Guardian UK Politics,2015-05-29 02:45:02,Holyrood veto,0.297
The Telegraph UK Politics,2015-05-29 02:45:03,David Cameron,0.984
The Telegraph UK Politics,2015-05-29 02:45:03,Diamond Jubilee State,0.820
The Telegraph UK Politics,2015-05-29 02:45:03,Prime Minister,0.738
The Telegraph UK Politics,2015-05-29 02:45:03,European Union,0.738
The Telegraph UK Politics,2015-05-29 02:45:03,Downing Street,0.492
The Telegraph UK Politics,2015-05-29 02:45:03,Douglas Carswell,0.492
The Telegraph UK Politics,2015-05-29 02:45:03,Andy Burnham,0.492
The Telegraph UK Politics,2015-05-29 02:45:03,Tony Blair,0.492
The Telegraph UK Politics,2015-05-29 02:45:03,Allison Pearson,0.492
The Telegraph UK Politics,2015-05-29 02:45:03,Nicola Sturgeon,0.492
The Guardian UK Politics,2015-05-29 03:00:03,Human Rights Act,0.990
The Guardian UK Politics,2015-05-29 03:00:03,David Cameron stance,0.495
The Guardian UK Politics,2015-05-29 03:00:03,human rights convention,0.495
The Guardian UK Politics,2015-05-29 03:00:03,business leaders Labour,0.495
The Guardian UK Politics,2015-05-29 03:00:03,maiden Commons speech,0.495
The Guardian UK Politics,2015-05-29 03:00:03,Galloway tweets intention,0.495
The Guardian UK Politics,2015-05-29 03:00:03,powers,0.396
The Guardian UK Politics,2015-05-29 03:00:03,election,0.297
The Guardian UK Politics,2015-05-29 03:00:03,Douglas Carswell,0.297
The Guardian UK Politics,2015-05-29 03:00:03,Holyrood veto,0.297
The Telegraph UK Politics,2015-05-29 03:00:03,David Cameron,0.984
The Telegraph UK Politics,2015-05-29 03:00:03,Diamond Jubilee State,0.820
The Telegraph UK Politics,2015-05-29 03:00:03,Prime Minister,0.738
The Telegraph UK Politics,2015-05-29 03:00:03,European Union,0.738
The Telegraph UK Politics,2015-05-29 03:00:03,Downing Street,0.492
The Telegraph UK Politics,2015-05-29 03:00:03,Douglas Carswell,0.492
The Telegraph UK Politics,2015-05-29 03:00:03,Andy Burnham,0.492
The Telegraph UK Politics,2015-05-29 03:00:03,Tony Blair,0.492
The Telegraph UK Politics,2015-05-29 03:00:03,Allison Pearson,0.492
The Telegraph UK Politics,2015-05-29 03:00:03,Nicola Sturgeon,0.492
The Guardian UK Politics,2015-05-29 03:15:02,Human Rights Act,0.990
The Guardian UK Politics,2015-05-29 03:15:02,David Cameron stance,0.495
The Guardian UK Politics,2015-05-29 03:15:02,human rights convention,0.495
The Guardian UK Politics,2015-05-29 03:15:02,business leaders Labour,0.495
The Guardian UK Politics,2015-05-29 03:15:02,maiden Commons speech,0.495
The Guardian UK Politics,2015-05-29 03:15:02,Galloway tweets intention,0.495
The Guardian UK Politics,2015-05-29 03:15:02,powers,0.396
The Guardian UK Politics,2015-05-29 03:15:02,election,0.297
The Guardian UK Politics,2015-05-29 03:15:02,Douglas Carswell,0.297
The Guardian UK Politics,2015-05-29 03:15:02,Holyrood veto,0.297
The Telegraph UK Politics,2015-05-29 03:15:03,David Cameron,0.984
The Telegraph UK Politics,2015-05-29 03:15:03,Diamond Jubilee State,0.820
The Telegraph UK Politics,2015-05-29 03:15:03,Prime Minister,0.738
The Telegraph UK Politics,2015-05-29 03:15:03,European Union,0.738
The Telegraph UK Politics,2015-05-29 03:15:03,Downing Street,0.492
The Telegraph UK Politics,2015-05-29 03:15:03,Douglas Carswell,0.492
The Telegraph UK Politics,2015-05-29 03:15:03,Andy Burnham,0.492
The Telegraph UK Politics,2015-05-29 03:15:03,Tony Blair,0.492
The Telegraph UK Politics,2015-05-29 03:15:03,Allison Pearson,0.492
The Telegraph UK Politics,2015-05-29 03:15:03,Nicola Sturgeon,0.492
The Guardian UK Politics,2015-05-29 03:30:03,Human Rights Act,0.990
The Guardian UK Politics,2015-05-29 03:30:03,David Cameron stance,0.495
The Guardian UK Politics,2015-05-29 03:30:03,human rights convention,0.495
The Guardian UK Politics,2015-05-29 03:30:03,business leaders Labour,0.495
The Guardian UK Politics,2015-05-29 03:30:03,maiden Commons speech,0.495
The Guardian UK Politics,2015-05-29 03:30:03,Galloway tweets intention,0.495
The Guardian UK Politics,2015-05-29 03:30:03,powers,0.396
The Guardian UK Politics,2015-05-29 03:30:03,election,0.297
The Guardian UK Politics,2015-05-29 03:30:03,Douglas Carswell,0.297
The Guardian UK Politics,2015-05-29 03:30:03,Holyrood veto,0.297
The Telegraph UK Politics,2015-05-29 03:30:03,David Cameron,0.984
The Telegraph UK Politics,2015-05-29 03:30:03,Diamond Jubilee State,0.820
The Telegraph UK Politics,2015-05-29 03:30:03,Prime Minister,0.738
The Telegraph UK Politics,2015-05-29 03:30:03,European Union,0.738
The Telegraph UK Politics,2015-05-29 03:30:03,Downing Street,0.492
The Telegraph UK Politics,2015-05-29 03:30:03,Douglas Carswell,0.492
The Telegraph UK Politics,2015-05-29 03:30:03,Andy Burnham,0.492
The Telegraph UK Politics,2015-05-29 03:30:03,Tony Blair,0.492
The Telegraph UK Politics,2015-05-29 03:30:03,Allison Pearson,0.492
The Telegraph UK Politics,2015-05-29 03:30:03,Nicola Sturgeon,0.492
The Guardian UK Politics,2015-05-29 03:45:01,Human Rights Act,0.990
The Guardian UK Politics,2015-05-29 03:45:01,David Cameron stance,0.495
The Guardian UK Politics,2015-05-29 03:45:01,human rights convention,0.495
The Guardian UK Politics,2015-05-29 03:45:01,business leaders Labour,0.495
The Guardian UK Politics,2015-05-29 03:45:01,maiden Commons speech,0.495
The Guardian UK Politics,2015-05-29 03:45:01,Galloway tweets intention,0.495
The Guardian UK Politics,2015-05-29 03:45:01,powers,0.396
The Guardian UK Politics,2015-05-29 03:45:01,election,0.297
The Guardian UK Politics,2015-05-29 03:45:01,Douglas Carswell,0.297
The Guardian UK Politics,2015-05-29 03:45:01,Holyrood veto,0.297
The Telegraph UK Politics,2015-05-29 03:45:02,David Cameron,0.984
The Telegraph UK Politics,2015-05-29 03:45:02,Diamond Jubilee State,0.820
The Telegraph UK Politics,2015-05-29 03:45:02,Prime Minister,0.738
The Telegraph UK Politics,2015-05-29 03:45:02,European Union,0.738
The Telegraph UK Politics,2015-05-29 03:45:02,Downing Street,0.492
The Telegraph UK Politics,2015-05-29 03:45:02,Douglas Carswell,0.492
The Telegraph UK Politics,2015-05-29 03:45:02,Andy Burnham,0.492
The Telegraph UK Politics,2015-05-29 03:45:02,Tony Blair,0.492
The Telegraph UK Politics,2015-05-29 03:45:02,Allison Pearson,0.492
The Telegraph UK Politics,2015-05-29 03:45:02,Nicola Sturgeon,0.492
The Guardian UK Politics,2015-05-29 04:00:03,Human Rights Act,0.990
The Guardian UK Politics,2015-05-29 04:00:03,David Cameron stance,0.495
The Guardian UK Politics,2015-05-29 04:00:03,human rights convention,0.495
The Guardian UK Politics,2015-05-29 04:00:03,business leaders Labour,0.495
The Guardian UK Politics,2015-05-29 04:00:03,maiden Commons speech,0.495
The Guardian UK Politics,2015-05-29 04:00:03,Galloway tweets intention,0.495
The Guardian UK Politics,2015-05-29 04:00:03,powers,0.396
The Guardian UK Politics,2015-05-29 04:00:03,election,0.297
The Guardian UK Politics,2015-05-29 04:00:03,Douglas Carswell,0.297
The Guardian UK Politics,2015-05-29 04:00:03,Holyrood veto,0.297
The Telegraph UK Politics,2015-05-29 04:00:03,David Cameron,0.984
The Telegraph UK Politics,2015-05-29 04:00:03,Diamond Jubilee State,0.820
The Telegraph UK Politics,2015-05-29 04:00:03,Prime Minister,0.738
The Telegraph UK Politics,2015-05-29 04:00:03,European Union,0.738
The Telegraph UK Politics,2015-05-29 04:00:03,Downing Street,0.492
The Telegraph UK Politics,2015-05-29 04:00:03,Douglas Carswell,0.492
The Telegraph UK Politics,2015-05-29 04:00:03,Andy Burnham,0.492
The Telegraph UK Politics,2015-05-29 04:00:03,Tony Blair,0.492
The Telegraph UK Politics,2015-05-29 04:00:03,Allison Pearson,0.492
The Telegraph UK Politics,2015-05-29 04:00:03,Nicola Sturgeon,0.492
The Guardian UK Politics,2015-05-29 04:15:02,Human Rights Act,0.990
The Guardian UK Politics,2015-05-29 04:15:02,David Cameron stance,0.495
The Guardian UK Politics,2015-05-29 04:15:02,human rights convention,0.495
The Guardian UK Politics,2015-05-29 04:15:02,business leaders Labour,0.495
The Guardian UK Politics,2015-05-29 04:15:02,maiden Commons speech,0.495
The Guardian UK Politics,2015-05-29 04:15:02,Galloway tweets intention,0.495
The Guardian UK Politics,2015-05-29 04:15:02,powers,0.396
The Guardian UK Politics,2015-05-29 04:15:02,election,0.297
The Guardian UK Politics,2015-05-29 04:15:02,Douglas Carswell,0.297
The Guardian UK Politics,2015-05-29 04:15:02,Holyrood veto,0.297
The Telegraph UK Politics,2015-05-29 04:15:03,David Cameron,0.984
The Telegraph UK Politics,2015-05-29 04:15:03,Diamond Jubilee State,0.820
The Telegraph UK Politics,2015-05-29 04:15:03,Prime Minister,0.738
The Telegraph UK Politics,2015-05-29 04:15:03,European Union,0.738
The Telegraph UK Politics,2015-05-29 04:15:03,Downing Street,0.492
The Telegraph UK Politics,2015-05-29 04:15:03,Douglas Carswell,0.492
The Telegraph UK Politics,2015-05-29 04:15:03,Andy Burnham,0.492
The Telegraph UK Politics,2015-05-29 04:15:03,Tony Blair,0.492
The Telegraph UK Politics,2015-05-29 04:15:03,Allison Pearson,0.492
The Telegraph UK Politics,2015-05-29 04:15:03,Nicola Sturgeon,0.492
The Guardian UK Politics,2015-05-29 04:30:02,Human Rights Act,0.990
The Guardian UK Politics,2015-05-29 04:30:02,David Cameron stance,0.495
The Guardian UK Politics,2015-05-29 04:30:02,human rights convention,0.495
The Guardian UK Politics,2015-05-29 04:30:02,business leaders Labour,0.495
The Guardian UK Politics,2015-05-29 04:30:02,maiden Commons speech,0.495
The Guardian UK Politics,2015-05-29 04:30:02,Galloway tweets intention,0.495
The Guardian UK Politics,2015-05-29 04:30:02,powers,0.396
The Guardian UK Politics,2015-05-29 04:30:02,election,0.297
The Guardian UK Politics,2015-05-29 04:30:02,Douglas Carswell,0.297
The Guardian UK Politics,2015-05-29 04:30:02,Holyrood veto,0.297
The Telegraph UK Politics,2015-05-29 04:30:03,David Cameron,0.984
The Telegraph UK Politics,2015-05-29 04:30:03,Diamond Jubilee State,0.820
The Telegraph UK Politics,2015-05-29 04:30:03,Prime Minister,0.738
The Telegraph UK Politics,2015-05-29 04:30:03,European Union,0.738
The Telegraph UK Politics,2015-05-29 04:30:03,Downing Street,0.492
The Telegraph UK Politics,2015-05-29 04:30:03,Douglas Carswell,0.492
The Telegraph UK Politics,2015-05-29 04:30:03,Andy Burnham,0.492
The Telegraph UK Politics,2015-05-29 04:30:03,Tony Blair,0.492
The Telegraph UK Politics,2015-05-29 04:30:03,Allison Pearson,0.492
The Telegraph UK Politics,2015-05-29 04:30:03,Nicola Sturgeon,0.492
The Guardian UK Politics,2015-05-29 04:45:03,Human Rights Act,0.990
The Guardian UK Politics,2015-05-29 04:45:03,David Cameron stance,0.495
The Guardian UK Politics,2015-05-29 04:45:03,human rights convention,0.495
The Guardian UK Politics,2015-05-29 04:45:03,business leaders Labour,0.495
The Guardian UK Politics,2015-05-29 04:45:03,maiden Commons speech,0.495
The Guardian UK Politics,2015-05-29 04:45:03,Galloway tweets intention,0.495
The Guardian UK Politics,2015-05-29 04:45:03,powers,0.396
The Guardian UK Politics,2015-05-29 04:45:03,election,0.297
The Guardian UK Politics,2015-05-29 04:45:03,Douglas Carswell,0.297
The Guardian UK Politics,2015-05-29 04:45:03,Holyrood veto,0.297
The Telegraph UK Politics,2015-05-29 04:45:04,David Cameron,0.984
The Telegraph UK Politics,2015-05-29 04:45:04,Diamond Jubilee State,0.820
The Telegraph UK Politics,2015-05-29 04:45:04,Prime Minister,0.738
The Telegraph UK Politics,2015-05-29 04:45:04,European Union,0.738
The Telegraph UK Politics,2015-05-29 04:45:04,Downing Street,0.492
The Telegraph UK Politics,2015-05-29 04:45:04,Douglas Carswell,0.492
The Telegraph UK Politics,2015-05-29 04:45:04,Andy Burnham,0.492
The Telegraph UK Politics,2015-05-29 04:45:04,Tony Blair,0.492
The Telegraph UK Politics,2015-05-29 04:45:04,Allison Pearson,0.492
The Telegraph UK Politics,2015-05-29 04:45:04,Nicola Sturgeon,0.492
The Guardian UK Politics,2015-05-29 05:00:03,Human Rights Act,0.990
The Guardian UK Politics,2015-05-29 05:00:03,David Cameron stance,0.495
The Guardian UK Politics,2015-05-29 05:00:03,human rights convention,0.495
The Guardian UK Politics,2015-05-29 05:00:03,business leaders Labour,0.495
The Guardian UK Politics,2015-05-29 05:00:03,maiden Commons speech,0.495
The Guardian UK Politics,2015-05-29 05:00:03,Galloway tweets intention,0.495
The Guardian UK Politics,2015-05-29 05:00:03,powers,0.396
The Guardian UK Politics,2015-05-29 05:00:03,election,0.297
The Guardian UK Politics,2015-05-29 05:00:03,Douglas Carswell,0.297
The Guardian UK Politics,2015-05-29 05:00:03,Holyrood veto,0.297
The Telegraph UK Politics,2015-05-29 05:00:04,David Cameron,0.984
The Telegraph UK Politics,2015-05-29 05:00:04,Diamond Jubilee State,0.820
The Telegraph UK Politics,2015-05-29 05:00:04,Prime Minister,0.738
The Telegraph UK Politics,2015-05-29 05:00:04,European Union,0.738
The Telegraph UK Politics,2015-05-29 05:00:04,Downing Street,0.492
The Telegraph UK Politics,2015-05-29 05:00:04,Douglas Carswell,0.492
The Telegraph UK Politics,2015-05-29 05:00:04,Andy Burnham,0.492
The Telegraph UK Politics,2015-05-29 05:00:04,Tony Blair,0.492
The Telegraph UK Politics,2015-05-29 05:00:04,Allison Pearson,0.492
The Telegraph UK Politics,2015-05-29 05:00:04,Nicola Sturgeon,0.492
The Guardian UK Politics,2015-05-29 05:15:02,Human Rights Act,0.990
The Guardian UK Politics,2015-05-29 05:15:02,David Cameron stance,0.495
The Guardian UK Politics,2015-05-29 05:15:02,human rights convention,0.495
The Guardian UK Politics,2015-05-29 05:15:02,business leaders Labour,0.495
The Guardian UK Politics,2015-05-29 05:15:02,maiden Commons speech,0.495
The Guardian UK Politics,2015-05-29 05:15:02,Galloway tweets intention,0.495
The Guardian UK Politics,2015-05-29 05:15:02,powers,0.396
The Guardian UK Politics,2015-05-29 05:15:02,election,0.297
The Guardian UK Politics,2015-05-29 05:15:02,Douglas Carswell,0.297
The Guardian UK Politics,2015-05-29 05:15:02,Holyrood veto,0.297
The Telegraph UK Politics,2015-05-29 05:15:03,David Cameron,0.984
The Telegraph UK Politics,2015-05-29 05:15:03,Diamond Jubilee State,0.820
The Telegraph UK Politics,2015-05-29 05:15:03,Prime Minister,0.738
The Telegraph UK Politics,2015-05-29 05:15:03,European Union,0.738
The Telegraph UK Politics,2015-05-29 05:15:03,Downing Street,0.492
The Telegraph UK Politics,2015-05-29 05:15:03,Douglas Carswell,0.492
The Telegraph UK Politics,2015-05-29 05:15:03,Andy Burnham,0.492
The Telegraph UK Politics,2015-05-29 05:15:03,Tony Blair,0.492
The Telegraph UK Politics,2015-05-29 05:15:03,Allison Pearson,0.492
The Telegraph UK Politics,2015-05-29 05:15:03,Nicola Sturgeon,0.492
The Guardian UK Politics,2015-05-29 05:30:03,Human Rights Act,0.990
The Guardian UK Politics,2015-05-29 05:30:03,David Cameron stance,0.495
The Guardian UK Politics,2015-05-29 05:30:03,human rights convention,0.495
The Guardian UK Politics,2015-05-29 05:30:03,business leaders Labour,0.495
The Guardian UK Politics,2015-05-29 05:30:03,maiden Commons speech,0.495
The Guardian UK Politics,2015-05-29 05:30:03,Galloway tweets intention,0.495
The Guardian UK Politics,2015-05-29 05:30:03,powers,0.396
The Guardian UK Politics,2015-05-29 05:30:03,election,0.297
The Guardian UK Politics,2015-05-29 05:30:03,Douglas Carswell,0.297
The Guardian UK Politics,2015-05-29 05:30:03,Holyrood veto,0.297
The Telegraph UK Politics,2015-05-29 05:30:04,David Cameron,0.984
The Telegraph UK Politics,2015-05-29 05:30:04,Diamond Jubilee State,0.820
The Telegraph UK Politics,2015-05-29 05:30:04,Prime Minister,0.738
The Telegraph UK Politics,2015-05-29 05:30:04,European Union,0.738
The Telegraph UK Politics,2015-05-29 05:30:04,Downing Street,0.492
The Telegraph UK Politics,2015-05-29 05:30:04,Douglas Carswell,0.492
The Telegraph UK Politics,2015-05-29 05:30:04,Andy Burnham,0.492
The Telegraph UK Politics,2015-05-29 05:30:04,Tony Blair,0.492
The Telegraph UK Politics,2015-05-29 05:30:04,Allison Pearson,0.492
The Telegraph UK Politics,2015-05-29 05:30:04,Nicola Sturgeon,0.492
The Guardian UK Politics,2015-05-29 05:45:02,Human Rights Act,0.990
The Guardian UK Politics,2015-05-29 05:45:02,David Cameron stance,0.495
The Guardian UK Politics,2015-05-29 05:45:02,human rights convention,0.495
The Guardian UK Politics,2015-05-29 05:45:02,business leaders Labour,0.495
The Guardian UK Politics,2015-05-29 05:45:02,maiden Commons speech,0.495
The Guardian UK Politics,2015-05-29 05:45:02,Galloway tweets intention,0.495
The Guardian UK Politics,2015-05-29 05:45:02,powers,0.396
The Guardian UK Politics,2015-05-29 05:45:02,election,0.297
The Guardian UK Politics,2015-05-29 05:45:02,Douglas Carswell,0.297
The Guardian UK Politics,2015-05-29 05:45:02,Holyrood veto,0.297
The Telegraph UK Politics,2015-05-29 05:45:03,David Cameron,0.984
The Telegraph UK Politics,2015-05-29 05:45:03,Diamond Jubilee State,0.820
The Telegraph UK Politics,2015-05-29 05:45:03,Prime Minister,0.738
The Telegraph UK Politics,2015-05-29 05:45:03,European Union,0.738
The Telegraph UK Politics,2015-05-29 05:45:03,Downing Street,0.492
The Telegraph UK Politics,2015-05-29 05:45:03,Douglas Carswell,0.492
The Telegraph UK Politics,2015-05-29 05:45:03,Andy Burnham,0.492
The Telegraph UK Politics,2015-05-29 05:45:03,Tony Blair,0.492
The Telegraph UK Politics,2015-05-29 05:45:03,Allison Pearson,0.492
The Telegraph UK Politics,2015-05-29 05:45:03,Nicola Sturgeon,0.492
The Guardian UK Politics,2015-05-29 06:00:03,Human Rights Act,0.990
The Guardian UK Politics,2015-05-29 06:00:03,David Cameron stance,0.495
The Guardian UK Politics,2015-05-29 06:00:03,human rights convention,0.495
The Guardian UK Politics,2015-05-29 06:00:03,business leaders Labour,0.495
The Guardian UK Politics,2015-05-29 06:00:03,maiden Commons speech,0.495
The Guardian UK Politics,2015-05-29 06:00:03,Galloway tweets intention,0.495
The Guardian UK Politics,2015-05-29 06:00:03,powers,0.396
The Guardian UK Politics,2015-05-29 06:00:03,election,0.297
The Guardian UK Politics,2015-05-29 06:00:03,Douglas Carswell,0.297
The Guardian UK Politics,2015-05-29 06:00:03,Holyrood veto,0.297
The Telegraph UK Politics,2015-05-29 06:00:04,David Cameron,0.984
The Telegraph UK Politics,2015-05-29 06:00:04,Diamond Jubilee State,0.820
The Telegraph UK Politics,2015-05-29 06:00:04,Prime Minister,0.738
The Telegraph UK Politics,2015-05-29 06:00:04,European Union,0.738
The Telegraph UK Politics,2015-05-29 06:00:04,Downing Street,0.492
The Telegraph UK Politics,2015-05-29 06:00:04,Douglas Carswell,0.492
The Telegraph UK Politics,2015-05-29 06:00:04,Andy Burnham,0.492
The Telegraph UK Politics,2015-05-29 06:00:04,Tony Blair,0.492
The Telegraph UK Politics,2015-05-29 06:00:04,Allison Pearson,0.492
The Telegraph UK Politics,2015-05-29 06:00:04,Nicola Sturgeon,0.492
The Guardian UK Politics,2015-05-29 06:15:02,Human Rights Act,0.990
The Guardian UK Politics,2015-05-29 06:15:02,David Cameron stance,0.495
The Guardian UK Politics,2015-05-29 06:15:02,human rights convention,0.495
The Guardian UK Politics,2015-05-29 06:15:02,business leaders Labour,0.495
The Guardian UK Politics,2015-05-29 06:15:02,maiden Commons speech,0.495
The Guardian UK Politics,2015-05-29 06:15:02,Galloway tweets intention,0.495
The Guardian UK Politics,2015-05-29 06:15:02,powers,0.396
The Guardian UK Politics,2015-05-29 06:15:02,election,0.297
The Guardian UK Politics,2015-05-29 06:15:02,Douglas Carswell,0.297
The Guardian UK Politics,2015-05-29 06:15:02,Holyrood veto,0.297
The Telegraph UK Politics,2015-05-29 06:15:03,David Cameron,0.984
The Telegraph UK Politics,2015-05-29 06:15:03,Diamond Jubilee State,0.820
The Telegraph UK Politics,2015-05-29 06:15:03,Prime Minister,0.738
The Telegraph UK Politics,2015-05-29 06:15:03,European Union,0.738
The Telegraph UK Politics,2015-05-29 06:15:03,Downing Street,0.492
The Telegraph UK Politics,2015-05-29 06:15:03,Douglas Carswell,0.492
The Telegraph UK Politics,2015-05-29 06:15:03,Andy Burnham,0.492
The Telegraph UK Politics,2015-05-29 06:15:03,Tony Blair,0.492
The Telegraph UK Politics,2015-05-29 06:15:03,Allison Pearson,0.492
The Telegraph UK Politics,2015-05-29 06:15:03,Nicola Sturgeon,0.492
The Guardian UK Politics,2015-05-29 06:30:03,Human Rights Act,0.990
The Guardian UK Politics,2015-05-29 06:30:03,David Cameron stance,0.495
The Guardian UK Politics,2015-05-29 06:30:03,human rights convention,0.495
The Guardian UK Politics,2015-05-29 06:30:03,business leaders Labour,0.495
The Guardian UK Politics,2015-05-29 06:30:03,maiden Commons speech,0.495
The Guardian UK Politics,2015-05-29 06:30:03,Galloway tweets intention,0.495
The Guardian UK Politics,2015-05-29 06:30:03,powers,0.396
The Guardian UK Politics,2015-05-29 06:30:03,election,0.297
The Guardian UK Politics,2015-05-29 06:30:03,Douglas Carswell,0.297
The Guardian UK Politics,2015-05-29 06:30:03,Holyrood veto,0.297
The Telegraph UK Politics,2015-05-29 06:30:04,David Cameron,0.984
The Telegraph UK Politics,2015-05-29 06:30:04,Diamond Jubilee State,0.820
The Telegraph UK Politics,2015-05-29 06:30:04,Prime Minister,0.738
The Telegraph UK Politics,2015-05-29 06:30:04,European Union,0.738
The Telegraph UK Politics,2015-05-29 06:30:04,Downing Street,0.492
The Telegraph UK Politics,2015-05-29 06:30:04,Douglas Carswell,0.492
The Telegraph UK Politics,2015-05-29 06:30:04,Tony Blair,0.492
The Telegraph UK Politics,2015-05-29 06:30:04,Allison Pearson,0.492
The Telegraph UK Politics,2015-05-29 06:30:04,Nicola Sturgeon,0.492
The Telegraph UK Politics,2015-05-29 06:30:04,French foreign minister,0.410
The Guardian UK Politics,2015-05-29 06:45:02,Human Rights Act,0.990
The Guardian UK Politics,2015-05-29 06:45:02,David Cameron stance,0.495
The Guardian UK Politics,2015-05-29 06:45:02,human rights convention,0.495
The Guardian UK Politics,2015-05-29 06:45:02,business leaders Labour,0.495
The Guardian UK Politics,2015-05-29 06:45:02,maiden Commons speech,0.495
The Guardian UK Politics,2015-05-29 06:45:02,Galloway tweets intention,0.495
The Guardian UK Politics,2015-05-29 06:45:02,powers,0.396
The Guardian UK Politics,2015-05-29 06:45:02,election,0.297
The Guardian UK Politics,2015-05-29 06:45:02,Douglas Carswell,0.297
The Guardian UK Politics,2015-05-29 06:45:02,Holyrood veto,0.297
The Telegraph UK Politics,2015-05-29 06:45:03,David Cameron,0.984
The Telegraph UK Politics,2015-05-29 06:45:03,Diamond Jubilee State,0.820
The Telegraph UK Politics,2015-05-29 06:45:03,Prime Minister,0.738
The Telegraph UK Politics,2015-05-29 06:45:03,European Union,0.738
The Telegraph UK Politics,2015-05-29 06:45:03,Downing Street,0.492
The Telegraph UK Politics,2015-05-29 06:45:03,Douglas Carswell,0.492
The Telegraph UK Politics,2015-05-29 06:45:03,Tony Blair,0.492
The Telegraph UK Politics,2015-05-29 06:45:03,Allison Pearson,0.492
The Telegraph UK Politics,2015-05-29 06:45:03,Nicola Sturgeon,0.492
The Telegraph UK Politics,2015-05-29 06:45:03,French foreign minister,0.410
The Guardian UK Politics,2015-05-29 07:00:03,Human Rights Act,0.990
The Guardian UK Politics,2015-05-29 07:00:03,David Cameron stance,0.495
The Guardian UK Politics,2015-05-29 07:00:03,human rights convention,0.495
The Guardian UK Politics,2015-05-29 07:00:03,business leaders Labour,0.495
The Guardian UK Politics,2015-05-29 07:00:03,maiden Commons speech,0.495
The Guardian UK Politics,2015-05-29 07:00:03,Galloway tweets intention,0.495
The Guardian UK Politics,2015-05-29 07:00:03,powers,0.396
The Guardian UK Politics,2015-05-29 07:00:03,election,0.297
The Guardian UK Politics,2015-05-29 07:00:03,Douglas Carswell,0.297
The Guardian UK Politics,2015-05-29 07:00:03,Holyrood veto,0.297
The Telegraph UK Politics,2015-05-29 07:00:03,David Cameron,0.984
The Telegraph UK Politics,2015-05-29 07:00:03,Diamond Jubilee State,0.820
The Telegraph UK Politics,2015-05-29 07:00:03,Prime Minister,0.738
The Telegraph UK Politics,2015-05-29 07:00:03,European Union,0.738
The Telegraph UK Politics,2015-05-29 07:00:03,Downing Street,0.492
The Telegraph UK Politics,2015-05-29 07:00:03,Douglas Carswell,0.492
The Telegraph UK Politics,2015-05-29 07:00:03,Tony Blair,0.492
The Telegraph UK Politics,2015-05-29 07:00:03,Allison Pearson,0.492
The Telegraph UK Politics,2015-05-29 07:00:03,Nicola Sturgeon,0.492
The Telegraph UK Politics,2015-05-29 07:00:03,French foreign minister,0.410
